overhead,total_time,real_time
0.000000,0.178025,0.178025
0.000000,0.178752,0.178752
0.000000,0.178034,0.178034
0.000000,0.179306,0.179306
0.000000,0.177990,0.177990
0.000000,0.179387,0.179387
0.000000,0.177798,0.177798
0.000000,0.179079,0.179079
0.000000,0.177238,0.177238
0.000000,0.177699,0.177699
0.000000,0.180789,0.180789
0.000000,0.178178,0.178178
0.000000,0.178800,0.178800
0.000000,0.178034,0.178034
0.000000,0.178213,0.178213
0.000000,0.177949,0.177949
0.000000,0.177938,0.177938
0.000000,0.177984,0.177984
0.000000,0.177942,0.177942
0.000000,0.177715,0.177715
0.000000,0.177908,0.177908
0.000000,0.177710,0.177710
0.000000,0.177677,0.177677
0.000000,0.179976,0.179976
0.000000,0.178046,0.178046
0.000000,0.177844,0.177844
0.000000,0.179102,0.179102
0.000000,0.179640,0.179640
0.000000,0.179316,0.179316
0.000000,0.177801,0.177801
0.000000,0.178420,0.178420
0.000000,0.177975,0.177975
0.000000,0.178702,0.178702
0.000000,0.178743,0.178743
0.000000,0.178415,0.178415
0.000000,0.177366,0.177366
0.000000,0.177917,0.177917
0.000000,0.177987,0.177987
0.000000,0.179026,0.179026
0.000000,0.177862,0.177862
0.000000,0.177730,0.177730
0.000000,0.177827,0.177827
0.000000,0.177676,0.177676
0.000000,0.178014,0.178014
0.000000,0.179169,0.179169
0.000000,0.178054,0.178054
0.000000,0.178936,0.178936
0.000001,0.177850,0.177849
0.000000,0.178997,0.178997
0.000000,0.178080,0.178080
0.000000,0.177750,0.177750
