overhead,total_time,real_time
0.000000,0.044425,0.044425
0.000000,0.044531,0.044531
0.000000,0.045150,0.045150
0.000000,0.044585,0.044585
0.000000,0.044482,0.044482
0.000000,0.049705,0.049705
0.000000,0.049110,0.049110
0.000000,0.044461,0.044461
0.000000,0.044515,0.044515
0.000000,0.044545,0.044545
0.000000,0.044547,0.044547
0.000000,0.044492,0.044492
0.000000,0.044427,0.044427
0.000000,0.047482,0.047482
0.000001,0.044617,0.044616
0.000000,0.044435,0.044435
0.000000,0.047825,0.047825
0.000000,0.049178,0.049178
0.000000,0.044484,0.044484
0.000000,0.044506,0.044506
0.000000,0.044466,0.044466
0.000000,0.044509,0.044509
0.000000,0.047266,0.047266
0.000000,0.044441,0.044441
0.000000,0.044541,0.044541
0.000000,0.044474,0.044474
0.000000,0.044469,0.044469
0.000000,0.044461,0.044461
0.000000,0.045132,0.045132
0.000000,0.044482,0.044482
0.000001,0.044491,0.044490
0.000000,0.044644,0.044644
0.000000,0.047175,0.047175
0.000000,0.049383,0.049383
0.000000,0.044692,0.044692
0.000000,0.044464,0.044464
0.000000,0.045192,0.045192
0.000000,0.044495,0.044495
0.000000,0.047801,0.047801
0.000000,0.044561,0.044561
0.000000,0.044573,0.044573
0.000000,0.044472,0.044472
0.000000,0.048969,0.048969
0.000000,0.044515,0.044515
0.000000,0.044522,0.044522
0.000000,0.047637,0.047637
0.000000,0.049139,0.049139
0.000001,0.045489,0.045488
0.000000,0.044639,0.044639
0.000000,0.045403,0.045403
0.000000,0.044509,0.044509
