overhead,total_time,real_time
0.000000,0.174118,0.174118
0.000000,0.176683,0.176683
0.000000,0.175169,0.175169
0.000000,0.174572,0.174572
0.000000,0.174641,0.174641
0.000001,0.174551,0.174550
0.000000,0.175622,0.175622
0.000000,0.174631,0.174631
0.000000,0.173688,0.173688
0.000000,0.174362,0.174362
0.000000,0.175993,0.175993
0.000000,0.174248,0.174248
0.000000,0.174433,0.174433
0.000000,0.174334,0.174334
0.000000,0.174659,0.174659
0.000000,0.174597,0.174597
0.000000,0.175700,0.175700
0.000000,0.174952,0.174952
0.000000,0.173826,0.173826
0.000000,0.174499,0.174499
0.000000,0.174015,0.174015
0.000001,0.174340,0.174339
0.000000,0.174511,0.174511
0.000000,0.174583,0.174583
0.000000,0.173765,0.173765
0.000000,0.173944,0.173944
0.000000,0.174144,0.174144
0.000000,0.174619,0.174619
0.000000,0.176376,0.176376
0.000000,0.174186,0.174186
0.000000,0.174509,0.174509
0.000000,0.174703,0.174703
0.000000,0.174627,0.174627
0.000000,0.174720,0.174720
0.000000,0.175573,0.175573
0.000000,0.174433,0.174433
0.000000,0.174638,0.174638
0.000000,0.174767,0.174767
0.000000,0.174548,0.174548
0.000000,0.174558,0.174558
0.000000,0.174474,0.174474
0.000000,0.174611,0.174611
0.000000,0.174462,0.174462
0.000000,0.174182,0.174182
0.000000,0.174060,0.174060
0.000000,0.174405,0.174405
0.000000,0.174667,0.174667
0.000000,0.175459,0.175459
0.000000,0.175095,0.175095
0.000000,0.174546,0.174546
0.000000,0.174570,0.174570
