overhead,total_time,real_time
0.000000,0.174121,0.174121
0.000000,0.176442,0.176442
0.000000,0.175784,0.175784
0.000000,0.175922,0.175922
0.000000,0.175477,0.175477
0.000000,0.174665,0.174665
0.000000,0.173905,0.173905
0.000000,0.174844,0.174844
0.000001,0.174703,0.174702
0.000000,0.174609,0.174609
0.000000,0.177373,0.177373
0.000000,0.174872,0.174872
0.000000,0.174155,0.174155
0.000000,0.174651,0.174651
0.000000,0.174486,0.174486
0.000000,0.174215,0.174215
0.000000,0.175382,0.175382
0.000000,0.174680,0.174680
0.000000,0.174637,0.174637
0.000000,0.174496,0.174496
0.000000,0.175643,0.175643
0.000000,0.176495,0.176495
0.000000,0.174910,0.174910
0.000000,0.174808,0.174808
0.000001,0.174668,0.174667
0.000000,0.176350,0.176350
0.000000,0.175912,0.175912
0.000000,0.174928,0.174928
0.000000,0.174568,0.174568
0.000000,0.174429,0.174429
0.000000,0.174632,0.174632
0.000000,0.174934,0.174934
0.000000,0.175097,0.175097
0.000000,0.174425,0.174425
0.000000,0.174764,0.174764
0.000001,0.174769,0.174768
0.000000,0.174646,0.174646
0.000000,0.174470,0.174470
0.000000,0.174454,0.174454
0.000000,0.174786,0.174786
0.000000,0.175391,0.175391
0.000000,0.177236,0.177236
0.000000,0.175085,0.175085
0.000000,0.175013,0.175013
0.000000,0.174628,0.174628
0.000000,0.174667,0.174667
0.000001,0.174264,0.174263
0.000000,0.174666,0.174666
0.000000,0.174797,0.174797
0.000000,0.176880,0.176880
0.000000,0.175528,0.175528
