overhead,total_time,real_time
0.000000,0.802179,0.802179
0.000000,0.822320,0.822320
0.000000,0.820423,0.820423
0.000000,0.805520,0.805520
0.000000,0.805974,0.805974
0.000000,0.806082,0.806082
0.000000,0.805754,0.805754
0.000000,0.804729,0.804729
0.000000,0.824621,0.824621
0.000000,0.807664,0.807664
0.000000,0.803863,0.803863
0.000001,0.804746,0.804745
0.000000,0.805472,0.805472
0.000000,0.803612,0.803612
0.000000,0.803445,0.803445
0.000000,0.805639,0.805639
0.000000,0.805085,0.805085
0.000000,0.806365,0.806365
0.000000,0.805309,0.805309
0.000001,0.807814,0.807813
0.000001,0.806784,0.806783
0.000000,0.820279,0.820279
0.000000,0.806020,0.806020
0.000000,0.824760,0.824760
0.000000,0.810150,0.810150
0.000000,0.804197,0.804197
0.000000,0.805048,0.805048
0.000000,0.806757,0.806757
0.000000,0.804487,0.804487
0.000000,0.804132,0.804132
0.000001,0.821475,0.821474
0.000000,0.804982,0.804982
0.000000,0.804702,0.804702
0.000000,0.803120,0.803120
0.000000,0.804135,0.804135
0.000000,0.803332,0.803332
0.000000,0.805646,0.805646
0.000000,0.809127,0.809127
0.000000,0.805265,0.805265
0.000000,0.803210,0.803210
0.000000,0.803806,0.803806
0.000000,0.828523,0.828523
0.000000,0.804796,0.804796
0.000000,0.807822,0.807822
0.000000,0.824479,0.824479
0.000000,0.806320,0.806320
0.000000,0.820269,0.820269
0.000000,0.805955,0.805955
0.000000,0.802517,0.802517
0.000000,0.818510,0.818510
0.000000,0.803048,0.803048
